Date,CBA,MQG
2/1/2013,73.134,38.539
3/1/2013,72.636,37.851
4/1/2013,72.188,38.235
7/1/2013,70.754,42.394
8/1/2013,71.362,43.368
9/1/2013,69.998,43.869
10/1/2013,70.924,44.332
11/1/2013,70.735,44.646
14/1/2013,70.267,45.207
15/1/2013,70.834,44.725
16/1/2013,71.78,45.6
17/1/2013,72.338,46.2
18/1/2013,72.517,44.135
21/1/2013,72.895,43.81
22/1/2013,73.174,44.882
23/1/2013,72.168,44.912
24/1/2013,71.392,44.843
25/1/2013,69.41,43.388
29/1/2013,68.474,41.854
30/1/2013,67.897,42.601
31/1/2013,68.305,42.552
1/2/2013,66.602,42.945
4/2/2013,67.319,42.483
5/2/2013,66.573,42.453
6/2/2013,66.632,40.968
7/2/2013,66.861,41.431
8/2/2013,65.965,40.074
11/2/2013,65.826,39.759
12/2/2013,64.74,39.661
13/2/2013,64.74,39.661
14/2/2013,65.119,40.959
15/2/2013,64.84,40.742
18/2/2013,65.487,40.241
19/2/2013,66.811,40.86
20/2/2013,68.176,42.06
21/2/2013,68.195,41.48
22/2/2013,68.066,42.375
25/2/2013,65.975,41.47
26/2/2013,65.776,41.126
27/2/2013,65.457,40.713
28/2/2013,65.836,39.552
1/3/2013,67.001,41.047
4/3/2013,68.863,40.959
5/3/2013,68.883,41.175
6/3/2013,67.24,39.828
7/3/2013,68.604,40.968
8/3/2013,68.235,39.729
11/3/2013,68.176,40.388
12/3/2013,68.693,41.263
13/3/2013,68.693,40.791
14/3/2013,69.838,42.788
15/3/2013,70.047,44.145
18/3/2013,71.103,44.253
19/3/2013,70.665,43.997
20/3/2013,70.944,44.41
21/3/2013,71.441,44.351
22/3/2013,70.904,43.594
25/3/2013,71.432,43.368
26/3/2013,71.153,43.329
27/3/2013,71.571,44.745
28/3/2013,72.079,45.561
2/4/2013,72.587,44.961
3/4/2013,73.204,43.909
4/4/2013,73.333,42.296
5/4/2013,73.542,41.942
8/4/2013,73.712,42.699
9/4/2013,73.891,43.161
10/4/2013,72.806,42.768
11/4/2013,73.503,44.45
12/4/2013,73.443,44.666
15/4/2013,73.214,44.273
16/4/2013,71.77,42.955
17/4/2013,72.686,43.722
18/4/2013,72.537,43.024
19/4/2013,73.503,42.719
22/4/2013,74.229,43.643
23/4/2013,73.413,43.889
24/4/2013,73.443,44.194
26/4/2013,72.985,43.683
29/4/2013,70.844,43.447
30/4/2013,69.968,43.073
1/5/2013,70.794,43.86
2/5/2013,70.954,43.122
3/5/2013,71.74,43.889
6/5/2013,72.268,44.105
7/5/2013,73.154,44.184
8/5/2013,71.939,42.798
9/5/2013,71.74,42.758
10/5/2013,72.527,43.132
13/5/2013,73.363,44.046
14/5/2013,73.234,43.919
15/5/2013,72.965,44.292
16/5/2013,72.606,44.745
17/5/2013,72.845,45.404
20/5/2013,73.313,45.089
21/5/2013,73.582,46.18
22/5/2013,73.821,47.744
23/5/2013,73.662,48.452
24/5/2013,73.503,47.99
27/5/2013,73.732,49.17
28/5/2013,73.284,49.013
29/5/2013,73.662,48.275
30/5/2013,73.483,49.17
31/5/2013,73.433,49.17
3/6/2013,73.194,48.305
4/6/2013,72.587,47.96
5/6/2013,72.527,48.246
6/6/2013,72.895,48.019
7/6/2013,72.845,48.088
11/6/2013,70.904,47.115
12/6/2013,71.043,47.193
13/6/2013,71.362,47.429
14/6/2013,71.392,48.246
17/6/2013,71.451,47.744
18/6/2013,70.446,46.859
19/6/2013,70.794,46.692
20/6/2013,70.715,46.338
21/6/2013,70.496,46.22
24/6/2013,72.009,47.252
25/6/2013,72.208,46.948
26/6/2013,72.696,48.088
27/6/2013,72.447,48.128
28/6/2013,73.114,48.619
1/7/2013,73.851,49.337
2/7/2013,74.229,50.153
3/7/2013,74.439,50.114
4/7/2013,74.289,49.829
5/7/2013,75.255,50.104
8/7/2013,75.952,50.35
9/7/2013,77.067,51.097
10/7/2013,76.46,50.93
11/7/2013,76.679,50.94
12/7/2013,75.753,50.104
15/7/2013,75.474,52.219
16/7/2013,75.773,53.005
17/7/2013,76.669,52.612
18/7/2013,77.625,52.337
19/7/2013,78.979,53.694
22/7/2013,78.76,53.654
23/7/2013,78.013,53.281
24/7/2013,77.754,53.025
25/7/2013,75.982,52.455
26/7/2013,76.868,52.75
29/7/2013,77.456,53.644
30/7/2013,77.007,52.73
31/7/2013,76.868,52.228
1/8/2013,76.39,52.199
2/8/2013,75.773,52.514
6/8/2013,76.161,53.595
7/8/2013,75.942,54.146
8/8/2013,76.52,54.117
9/8/2013,76.968,53.782
12/8/2013,77.685,53.408
13/8/2013,77.485,53.281
14/8/2013,76.52,52.671
15/8/2013,76.221,52.72
16/8/2013,76.47,52.612
19/8/2013,75.175,51.727
20/8/2013,74.847,50.989
21/8/2013,74.578,50.694
22/8/2013,74.936,51.314
23/8/2013,74.18,51.55
26/8/2013,73.194,50.468
27/8/2013,73.881,51.333
28/8/2013,73.313,51.5
29/8/2013,73.612,52.1
30/8/2013,73.363,52.21
2/9/2013,74.528,54.15
3/9/2013,75.604,54.8
4/9/2013,76.43,55
5/9/2013,76.828,55.95
6/9/2013,76.828,55.95
9/9/2013,76.828,55.95
10/9/2013,76.978,54.95
11/9/2013,77.336,55.02
12/9/2013,77.465,54.97
13/9/2013,77.465,54.97
16/9/2013,77.505,55.08
17/9/2013,77.246,55
18/9/2013,77.266,55.14
19/9/2013,77.386,54.35
20/9/2013,77.545,54.38
23/9/2013,77.645,54.48
24/9/2013,77.266,54.81
25/9/2013,76.669,53.98
26/9/2013,75.474,52.44
27/9/2013,75.862,53.11
30/9/2013,75.474,54.07
1/10/2013,75.145,53.96
2/10/2013,74.996,53.35
3/10/2013,75.773,53.85
4/10/2013,75.584,54.93
8/10/2013,74.807,55.75
9/10/2013,74.419,55.88
10/10/2013,74.419,55.88
11/10/2013,73.811,54.35
14/10/2013,74.598,55.31
15/10/2013,73.881,54.66
16/10/2013,73.911,54.09
17/10/2013,74.08,53.84
18/10/2013,72.885,52.92
21/10/2013,72.178,53.11
22/10/2013,73.164,54
23/10/2013,73.204,54.87
24/10/2013,74.528,55.62
25/10/2013,75.594,53.52
28/10/2013,75.872,54.61
29/10/2013,75.424,54.77
30/10/2013,75.663,55.36
31/10/2013,74.03,55.59
1/11/2013,74.21,55.99
4/11/2013,74.678,55.97
5/11/2013,74.279,55.26
6/11/2013,74.857,55.34
7/11/2013,75.036,55.3
8/11/2013,74.946,55.82
11/11/2013,75.165,55.61
12/11/2013,74.877,55.64
13/11/2013,74.339,56.27
14/11/2013,74.16,55.35
15/11/2013,74.608,55.61
18/11/2013,75.195,56.55
19/11/2013,75.225,56.72
20/11/2013,75.673,56.84
21/11/2013,75.424,56.6
22/11/2013,75.922,56.69
25/11/2013,75.424,55.93
26/11/2013,75.633,55.4
27/11/2013,74.926,54.25
28/11/2013,74.528,54.41
29/11/2013,74.867,54.5
2/12/2013,75.126,54.55
3/12/2013,74.648,54.23
4/12/2013,75.335,54.83
5/12/2013,75.623,56.42
6/12/2013,75.564,56.53
9/12/2013,76.062,57.44
10/12/2013,76.231,57.36
11/12/2013,76.808,57.65
12/12/2013,77.107,57.93
13/12/2013,76.798,57.95
16/12/2013,76.619,57.8
17/12/2013,76.699,57.85
18/12/2013,76.649,57.96
19/12/2013,76.53,57.35
20/12/2013,76.43,56.64
23/12/2013,77.157,56.96
24/12/2013,77.555,57.46
27/12/2013,77.027,56.37
30/12/2013,76.181,55
31/12/2013,76.569,55.15
2/1/2014,76.818,55.8
3/1/2014,77.236,55.97
6/1/2014,77.236,55.97
7/1/2014,77.236,55.97
8/1/2014,77.694,55.76
9/1/2014,78.67,56.77
10/1/2014,78.551,56.54
13/1/2014,78.551,56.54
14/1/2014,79.108,57.1
15/1/2014,78.601,57.77
16/1/2014,78.561,57.7
17/1/2014,78.302,58.2
20/1/2014,78.8,58.7
21/1/2014,78.601,60.46
22/1/2014,78.949,60.55
23/1/2014,78.212,59.9
24/1/2014,78.75,60.12
28/1/2014,79.158,60.12
29/1/2014,79.039,59.84
30/1/2014,79.556,60
31/1/2014,80.542,59.16
3/2/2014,80.851,59.18
4/2/2014,80.054,58.88
5/2/2014,79.218,58.62
6/2/2014,79.487,58.7
7/2/2014,79.845,58.42
10/2/2014,80.303,59.45
11/2/2014,80.96,59.3
12/2/2014,81.209,60.26
13/2/2014,81.329,60.23
14/2/2014,81.588,60.45
17/2/2014,81.697,60.33
18/2/2014,81.239,60.03
19/2/2014,81.906,60.2
20/2/2014,81.548,59.26
21/2/2014,80.801,59.19
24/2/2014,80.602,59.1
25/2/2014,81.418,60.1
26/2/2014,81.418,60.1
27/2/2014,82.066,60.5
28/2/2014,81.847,60.68
3/3/2014,81.528,60.45
4/3/2014,81.379,59.98
5/3/2014,81.249,59.88
6/3/2014,80.891,59.99
7/3/2014,80.652,60.07
10/3/2014,81.946,61.03
11/3/2014,81.07,60.5
12/3/2014,81.438,60.71
13/3/2014,81.229,60.2
14/3/2014,80.672,59.8
17/3/2014,81.707,60.36
18/3/2014,81.12,60.46
19/3/2014,80.532,59.63
20/3/2014,79.626,58.99
21/3/2014,80.572,60
24/3/2014,81.199,60.4
25/3/2014,81.598,60.44
26/3/2014,81.01,60.19
27/3/2014,80.97,59.73
28/3/2014,80.443,59.17
31/3/2014,80.502,59.02
1/4/2014,80.881,59.26
2/4/2014,81.359,59.29
3/4/2014,81.15,59.01
4/4/2014,81,60
7/4/2014,80.861,59.72
8/4/2014,80.921,60
9/4/2014,81.01,60.27
10/4/2014,80.911,60.65
11/4/2014,81.209,61.27
14/4/2014,81.657,59.51
15/4/2014,81.926,58.62
16/4/2014,81.647,57.77
17/4/2014,81.996,58.04
22/4/2014,82.773,58.23
23/4/2014,83.39,58.52
24/4/2014,82.464,57.71
28/4/2014,82.225,57.81
29/4/2014,81.707,57.39
30/4/2014,81.359,56.92
1/5/2014,81,56.52
2/5/2014,79.785,55.65
5/5/2014,80.064,56.26
6/5/2014,81.339,56.66
7/5/2014,80.612,56.53
8/5/2014,80.672,57.11
9/5/2014,80.851,57.03
12/5/2014,81.05,57.34
13/5/2014,79.646,58.25
14/5/2014,79.955,58.65
15/5/2014,79.925,58.43
16/5/2014,80.263,58.38
19/5/2014,80.164,58.06
20/5/2014,80.393,58.19
21/5/2014,80.771,58.55
22/5/2014,80.791,58.29
23/5/2014,80.97,58.3
26/5/2014,80.95,58.26
27/5/2014,81.15,58.17
28/5/2014,81.349,58.86
29/5/2014,81.219,58.14
30/5/2014,80.95,57.75
2/6/2014,80.911,57.28
3/6/2014,81.189,58.03
4/6/2014,81.189,57.63
5/6/2014,80.293,58.39
6/6/2014,79.885,57.95
10/6/2014,78.581,58.55
11/6/2014,77.854,58.67
12/6/2014,77.017,58.91
13/6/2014,77.246,58.74
16/6/2014,77.475,58.42
17/6/2014,76.121,57.9
18/6/2014,76.968,58.71
19/6/2014,76.091,58.62
20/6/2014,76.32,58.61
23/6/2014,74.936,57.79
24/6/2014,74.11,57.35
25/6/2014,74.966,57.59
26/6/2014,75.872,57.63
27/6/2014,75.484,57.02
30/6/2014,76.32,57.22
1/7/2014,75.842,57.31
2/7/2014,75.444,57
3/7/2014,74.697,56.18
4/7/2014,75.902,57.09
7/7/2014,1,55.83
8/7/2014,73.811,55.87
9/7/2014,73.801,56.29
10/7/2014,75.126,56.75
11/7/2014,75.604,56.71
14/7/2014,76.211,57.49
15/7/2014,76.928,58.41
16/7/2014,76.848,58.41
17/7/2014,77.236,59.21
18/7/2014,77.834,59.53
21/7/2014,78.431,59.75
22/7/2014,79.676,60.3
23/7/2014,79.845,60.07
24/7/2014,79.238,59.6
25/7/2014,79.825,59.85
28/7/2014,80.134,61.17
29/7/2014,80.174,60.85
30/7/2014,80.423,61.65
31/7/2014,81.209,61.75
1/8/2014,80.841,62
5/8/2014,82.404,62.36
6/8/2014,82.205,61.8
7/8/2014,82.643,61.85
8/8/2014,81.498,60.05
11/8/2014,80.921,60
12/8/2014,81.418,60.34
13/8/2014,80.642,59.73
14/8/2014,80.602,59.39
15/8/2014,80.194,59.2
18/8/2014,79.995,58.8
19/8/2014,79.746,58.45
20/8/2014,80.074,58.53
21/8/2014,79.825,58.55
22/8/2014,80.662,59.66
25/8/2014,81.15,59.2
26/8/2014,80.373,58.43
27/8/2014,79.457,57.96
28/8/2014,80.393,58.37
29/8/2014,81.05,59.87
1/9/2014,81.727,60.38
2/9/2014,81.289,60.4
3/9/2014,82.036,61.06
4/9/2014,81.667,60.66
5/9/2014,81.996,59.69
8/9/2014,81.837,58.76
9/9/2014,81.389,58.3
10/9/2014,80.921,57.6
11/9/2014,80.602,56.41
12/9/2014,80.672,55.78
15/9/2014,81.448,55.96
16/9/2014,83.35,57.82
17/9/2014,84.983,58.35
18/9/2014,84.595,58.27
19/9/2014,84.555,58.35
22/9/2014,84.555,58.35
23/9/2014,84.555,58.35
24/9/2014,85.68,58.68
25/9/2014,85.212,58.15
26/9/2014,85.282,58.29
29/9/2014,85.282,58.29
30/9/2014,85.371,58.54
1/10/2014,85.58,58.42
2/10/2014,84.933,57.08
3/10/2014,84.744,57.42
7/10/2014,85.023,57.88
8/10/2014,85.67,57.94
9/10/2014,85.282,57.2
10/10/2014,84.933,56.99
13/10/2014,83.32,55.92
14/10/2014,83.151,55.85
15/10/2014,83.211,55.29
16/10/2014,82.743,58.25
17/10/2014,83.141,59.8
20/10/2014,84.306,59.75
21/10/2014,84.864,59.5
22/10/2014,85.859,61.03
23/10/2014,85.859,61.03
24/10/2014,87.253,61.29
27/10/2014,87.323,61.55
28/10/2014,88.378,61.75
29/10/2014,88.946,62.15
30/10/2014,89.294,62.42
31/10/2014,90.011,63.87
3/11/2014,90.4,64.75
4/11/2014,92.869,65.43
5/11/2014,92.58,66.6
6/11/2014,92.53,67.24
7/11/2014,92.192,67.5
10/11/2014,91.465,67.41
11/11/2014,90.788,65.83
12/11/2014,92.749,68.13
13/11/2014,93.068,68.48
14/11/2014,89.613,70.9
17/11/2014,90.32,71.69
18/11/2014,90.748,71.55
19/11/2014,89.822,71.2
20/11/2014,90.021,71.46
21/11/2014,90.649,71.47
24/11/2014,90.479,72.23
25/11/2014,90.031,71.81
26/11/2014,91.525,72.86
27/11/2014,92.152,74.99
28/11/2014,91.525,73.52
1/12/2014,90.738,73.52
2/12/2014,90.728,74.5
3/12/2014,90.698,75.37
4/12/2014,90.131,73.7
5/12/2014,90.29,74.25
8/12/2014,90.131,74.08
9/12/2014,91.425,76.6
10/12/2014,90.927,75.39
11/12/2014,91.395,75.45
12/12/2014,93.008,75.78
15/12/2014,92.988,75.76
16/12/2014,95.199,76.69
17/12/2014,95.906,77.9
18/12/2014,95.069,78.29
19/12/2014,94.681,78.5
22/12/2014,95.448,78.33
23/12/2014,93.436,77.29
24/12/2014,93.934,77.29
29/12/2014,92.7,76.42
30/12/2014,92.998,76.67
31/12/2014,92.919,77.6
2/1/2015,93.994,78.52
5/1/2015,93.994,78.52
6/1/2015,93.994,78.52
7/1/2015,93.805,79.03
8/1/2015,93.596,79.21
9/1/2015,93.446,79.7
12/1/2015,93.725,80.38
13/1/2015,93.695,81.21
14/1/2015,93.397,81.39
15/1/2015,92.043,81.82
16/1/2015,92.61,82.24
19/1/2015,91.684,81.21
20/1/2015,90.937,80.27
21/1/2015,91.385,81.43
22/1/2015,90.728,81.34
23/1/2015,90.33,82.11
27/1/2015,91.704,83.4
28/1/2015,92.321,83.95
29/1/2015,92.182,83.17
30/1/2015,90.181,79.15
2/2/2015,88.488,77.97
3/2/2015,88.538,78.67
4/2/2015,87.632,78.09
5/2/2015,87.761,78.8
6/2/2015,82.623,76.88
9/2/2015,82.753,76.5
10/2/2015,82.285,79.18
11/2/2015,81.817,78.78
12/2/2015,82.524,80.75
13/2/2015,83.619,82.03
16/2/2015,83.26,81.63
17/2/2015,84.386,82.55
18/2/2015,82.643,79.51
19/2/2015,82.494,78.9
20/2/2015,82.135,79.08
23/2/2015,83.201,79.75
24/2/2015,82.753,79.64
25/2/2015,83.639,80.68
26/2/2015,84.276,80.63
27/2/2015,83.768,80.15
2/3/2015,83.141,81
3/3/2015,84.724,81.75
4/3/2015,84.117,81.9
5/3/2015,82.643,80.99
6/3/2015,81.219,80
9/3/2015,80.194,79.32
10/3/2015,79.945,79.13
11/3/2015,79.945,79.13
12/3/2015,79.477,78.7
13/3/2015,79.566,77.98
16/3/2015,81.06,79.49
17/3/2015,81.07,79.57
18/3/2015,81.538,79.21
19/3/2015,82.026,79.32
20/3/2015,83.898,80.78
23/3/2015,82.842,79.6
24/3/2015,84.107,81.33
25/3/2015,84.654,81.38
26/3/2015,86.387,82.53
27/3/2015,86.815,83.05
30/3/2015,86.915,83.03
31/3/2015,86.277,82.5
1/4/2015,84.326,80.5
2/4/2015,84.764,81.4
7/4/2015,85.65,82.55
8/4/2015,87.074,83.2
9/4/2015,86.287,82.54
10/4/2015,85.929,81.7
13/4/2015,87.313,82.76
14/4/2015,85.401,79.64
15/4/2015,85.232,79.69
16/4/2015,85.421,80.6
17/4/2015,84.814,80.1
20/4/2015,85.879,81.91
21/4/2015,86.745,82.29
22/4/2015,87.582,83.11
23/4/2015,87.602,83.51
24/4/2015,87.98,85.15
27/4/2015,87.721,85.59
28/4/2015,86.257,84.46
29/4/2015,85.929,84.81
30/4/2015,85.441,81.5
1/5/2015,85.72,81.3
4/5/2015,85.979,81.84
5/5/2015,86.228,81.64
6/5/2015,86.706,82
7/5/2015,87.183,82.15
8/5/2015,86.994,82.33
11/5/2015,87.651,82.75
12/5/2015,86.994,82.16
13/5/2015,84.186,81
14/5/2015,80.95,80.08
15/5/2015,81.787,79.44
18/5/2015,81.767,79.11
19/5/2015,81.767,78.64
20/5/2015,81.767,78.73
21/5/2015,81.767,78.93
22/5/2015,81.27,78.98
25/5/2015,76.91,78.85
26/5/2015,78.27,79.36
27/5/2015,76.15,77.43
28/5/2015,75.59,74.68
29/5/2015,72.47,70.33
1/6/2015,75.08,74.45
2/6/2015,76.13,75.18
3/6/2015,76.43,76.24
4/6/2015,76.36,76.92
5/6/2015,75.08,75.93
9/6/2015,73.3,74.45
10/6/2015,73.63,74.04
11/6/2015,71.97,72.91
12/6/2015,72.15,72.82
15/6/2015,72.32,73.3
16/6/2015,74.17,74.53
17/6/2015,76.72,77.34
18/6/2015,75.13,75.92
19/6/2015,75.13,75.8
22/6/2015,74.55,77.57
23/6/2015,73.42,77
24/6/2015,75.35,78.23
25/6/2015,75.59,78
26/6/2015,75.83,78.71
29/6/2015,73.62,77.42
30/6/2015,73.8,77.97
1/7/2015,71.6,77
2/7/2015,72.5,77.56
3/7/2015,71.44,77.4
6/7/2015,72.7,78.94
7/7/2015,70.15,75
8/7/2015,72.72,76.66
9/7/2015,74.27,77.25
10/7/2015,73.39,76.29
13/7/2015,74.36,77.16
14/7/2015,74.96,77.01
15/7/2015,75,77.84
16/7/2015,75.37,77.84
17/7/2015,75.53,80.94
20/7/2015,74.65,80.77
21/7/2015,74.23,80.16
22/7/2015,74.56,79.69
23/7/2015,75.4,81
24/7/2015,76.55,82.44
27/7/2015,76.43,82.51
28/7/2015,75.73,81.92
29/7/2015,75.81,82.4
30/7/2015,76.39,82.05
31/7/2015,77.35,83.24
4/8/2015,77.5,82.65
5/8/2015,77.74,83.31
6/8/2015,77.64,83.6
7/8/2015,77.17,84.01
10/8/2015,76.73,85.7
11/8/2015,75.1,81.93
12/8/2015,76.46,82.95
13/8/2015,76.58,82.91
14/8/2015,75.85,82.19
17/8/2015,76.59,82.43
18/8/2015,75.58,80.3
19/8/2015,74.76,80.2
20/8/2015,76,81.39
21/8/2015,77.4,81.61
24/8/2015,75.76,79.76
25/8/2015,74.78,79.18
26/8/2015,77.07,80.69
27/8/2015,77.84,81.44
28/8/2015,79.14,82.47
31/8/2015,79.83,83
1/9/2015,80.4,82.91
2/9/2015,79.64,81.9
3/9/2015,79,81.2
4/9/2015,80.22,81.7
7/9/2015,80.12,81.5
8/9/2015,79.43,81.41
9/9/2015,80.99,82.69
10/9/2015,81.76,82.84
11/9/2015,81.5,82.93
14/9/2015,80.22,81.83
15/9/2015,80.51,82.38
16/9/2015,80.14,82.41
17/9/2015,80.29,80.8
18/9/2015,78.9,80.73
21/9/2015,78.95,80.99
22/9/2015,77.44,78.14
23/9/2015,76.87,77.58
24/9/2015,79.09,79.03
25/9/2015,80.69,79.24
28/9/2015,81.57,78.3
29/9/2015,81.92,78.2
30/9/2015,81.67,78.42
1/10/2015,82.05,80.14
2/10/2015,83.32,80.74
6/10/2015,83.32,80.74
7/10/2015,83.32,80.74
8/10/2015,84.5,82.07
9/10/2015,85.57,82.97
12/10/2015,85.53,82.77
13/10/2015,85.53,82.77
14/10/2015,84.46,81.69
15/10/2015,83.11,80.01
16/10/2015,82.11,79.19
19/10/2015,80.41,77.73
20/10/2015,79.42,76.9
21/10/2015,78.64,74.3
22/10/2015,79.39,74.37
23/10/2015,81,75.95
26/10/2015,79.42,74.25
27/10/2015,78.88,73.52
28/10/2015,78.39,72.46
29/10/2015,79.19,73.91
30/10/2015,77.61,72.35
2/11/2015,76.81,73.22
3/11/2015,76.56,73.46
4/11/2015,79,75.39
5/11/2015,79,75.39
6/11/2015,77.6,73.81
9/11/2015,77.83,73.45
10/11/2015,78.67,71.58
11/11/2015,78.22,72.04
12/11/2015,78.02,70.55
13/11/2015,75.73,68.26
16/11/2015,77.36,64.86
17/11/2015,76.6,63.74
18/11/2015,76.38,63.18
19/11/2015,72.87,60.66
20/11/2015,74.2,59.93
23/11/2015,74.3,60.54
24/11/2015,73.33,58.34
25/11/2015,74.3,59.67
26/11/2015,72.6,63.24
27/11/2015,72.33,62.69
30/11/2015,74.28,65.22
1/12/2015,73.43,63.9
2/12/2015,74.24,65.35
3/12/2015,73.28,65.51
4/12/2015,71.26,64
7/12/2015,71,64.16
8/12/2015,70.72,63.92
9/12/2015,70.14,64.26
10/12/2015,71.41,65.14
11/12/2015,73.94,66.63
14/12/2015,74.91,65.44
15/12/2015,75.74,66.33
16/12/2015,76.89,67.37
17/12/2015,75.45,65.95
18/12/2015,76.31,66.06
21/12/2015,76.14,65.64
22/12/2015,76.37,66.95
23/12/2015,76.86,68.85
24/12/2015,75.45,67.86
29/12/2015,76.04,68.6
30/12/2015,77.38,69.9
31/12/2015,78.16,68.29
4/1/2016,77.14,67.57
5/1/2016,76.91,67.38
6/1/2016,76.7,67.46
7/1/2016,74.82,65.81
8/1/2016,74.82,65.81
11/1/2016,74.82,65.81
12/1/2016,73.12,64.1
13/1/2016,73.31,64.58
14/1/2016,74.92,66.09
15/1/2016,72.99,64.2
18/1/2016,72.92,64.68
19/1/2016,71.25,63.72
20/1/2016,71.15,63.65
21/1/2016,70.99,63.47
22/1/2016,70.76,62.34
25/1/2016,70.7,61.74
27/1/2016,72.22,62.86
28/1/2016,73.73,64.51
29/1/2016,74.71,65.51
1/2/2016,75,65.54
2/2/2016,74.18,64.07
3/2/2016,74.7,65.9
4/2/2016,74.55,66.23
5/2/2016,75.48,67.1
8/2/2016,75.04,67.05
9/2/2016,75.04,67.05
10/2/2016,75.62,66.63
11/2/2016,73.76,65.88
12/2/2016,73.85,65.3
15/2/2016,73.89,63.5
16/2/2016,72.34,62.47
17/2/2016,75.02,64.36
18/2/2016,74.61,63.47
19/2/2016,74.85,65.3
22/2/2016,74.35,65.1
23/2/2016,75.78,67
24/2/2016,78,69.89
25/2/2016,77.99,70.66
26/2/2016,78.24,71.1
29/2/2016,77.39,71.7
1/3/2016,78,72.08
2/3/2016,78.7,71.02
3/3/2016,77.62,69.35
4/3/2016,77.76,70.1
7/3/2016,78.12,69.65
8/3/2016,77.96,69.68
9/3/2016,77.56,70.53
10/3/2016,78.39,72.45
11/3/2016,78.59,73.16
14/3/2016,78.9,73.39
15/3/2016,78.18,74.36
16/3/2016,77.43,74.87
17/3/2016,76.5,73.7
18/3/2016,75.58,73.06
21/3/2016,75.75,74.6
22/3/2016,76.6,73.5
23/3/2016,77.34,73.8
24/3/2016,76.99,73.65
29/3/2016,76.3,74.18
30/3/2016,75.49,73.45
31/3/2016,75.49,73.45
1/4/2016,73.52,71.9
4/4/2016,72.2,71.7
5/4/2016,71.8,71.45
6/4/2016,72.03,72.72
7/4/2016,74.2,74.86
8/4/2016,75.08,75.93
11/4/2016,75.07,76.12
12/4/2016,75.02,76.58
13/4/2016,72.57,71.2
14/4/2016,72.8,67
15/4/2016,73.1,67.91
18/4/2016,73.46,68.65
19/4/2016,74.37,68.9
20/4/2016,73.83,68.4
21/4/2016,73.38,68.54
22/4/2016,72.56,67.7
26/4/2016,71.97,66.75
27/4/2016,72.5,66.17
28/4/2016,72.41,67.2
29/4/2016,74.1,68.97
2/5/2016,74.5,69.32
3/5/2016,74.89,71.33
4/5/2016,75.61,71.25
5/5/2016,75.94,71.99
6/5/2016,76.1,72.55
9/5/2016,76.02,72.73
10/5/2016,76.76,73.24
11/5/2016,77.03,74.05
12/5/2016,77.14,73.8
13/5/2016,77.55,73.81
16/5/2016,78,73.75
17/5/2016,77.94,73.8
18/5/2016,77.8,74.8
19/5/2016,77.35,74.39
20/5/2016,77.98,74.58
23/5/2016,77.59,74.59
24/5/2016,76.03,73.49
25/5/2016,75.66,74.01
26/5/2016,76.15,75.3
27/5/2016,77.2,77.48
30/5/2016,78.41,78.05
31/5/2016,77.4,78.15
1/6/2016,75.95,77.2
2/6/2016,76.01,77.54
3/6/2016,76.3,78.14
6/6/2016,76,77.85
7/6/2016,74.04,78.45
8/6/2016,73.12,78.54
9/6/2016,73.45,79.1
10/6/2016,73.12,79.4
14/6/2016,73.85,80.2
15/6/2016,74.46,80.55
16/6/2016,74,80.84
17/6/2016,73.26,79.75
20/6/2016,72.64,79.17
21/6/2016,72.9,80.52
22/6/2016,71.81,80.7
23/6/2016,71.51,81.29
24/6/2016,70.91,80.61
27/6/2016,72.31,82.14
28/6/2016,71.76,82.21
29/6/2016,72.56,82.94
30/6/2016,72.06,81.39
1/7/2016,70.87,80.36
4/7/2016,70.22,77.4
5/7/2016,69.5,77.75
6/7/2016,70.16,78.28
7/7/2016,71.5,78.68
8/7/2016,72.24,81.39
11/7/2016,72.17,81.25
12/7/2016,72.62,81.13
13/7/2016,72.89,82.03
14/7/2016,72.88,80.65
15/7/2016,73.4,82.12
18/7/2016,73.4,81.69
19/7/2016,72.7,82.67
20/7/2016,72.93,82.58
21/7/2016,73.5,83.28
22/7/2016,72.4,81.94
25/7/2016,73.5,82.28
26/7/2016,73.3,82.66
27/7/2016,73.59,82.25
28/7/2016,74.16,83.4
29/7/2016,74.38,83.71
1/8/2016,74.62,83.93
2/8/2016,74.61,83.45
3/8/2016,74.99,83.67
4/8/2016,74.53,81.94
5/8/2016,74.58,81.95
8/8/2016,74.37,81.55
9/8/2016,74.59,81.93
10/8/2016,74.74,82.55
11/8/2016,74.59,82.51
12/8/2016,74.9,82.21
15/8/2016,74.67,82.65
16/8/2016,75.23,82.81
17/8/2016,74.19,81.05
18/8/2016,72.99,80.4
19/8/2016,72.75,81.76
22/8/2016,73.39,79.8
23/8/2016,72.76,79.31
24/8/2016,72.17,77.8
25/8/2016,71.61,77.54
26/8/2016,70.99,77.1
29/8/2016,72.53,79.38
30/8/2016,72.07,77.39
31/8/2016,70.89,74.1
1/9/2016,73.26,80.28
2/9/2016,75.78,81.97
5/9/2016,76.18,81.81
6/9/2016,76.43,82.27
7/9/2016,76.89,82.3
8/9/2016,76.65,82.85
9/9/2016,76.86,83.71
12/9/2016,76.87,83.46
13/9/2016,77.39,83.88
14/9/2016,78.42,84.38
15/9/2016,78.43,84.9
16/9/2016,78.17,83.72
19/9/2016,77.29,83.36
20/9/2016,77.76,83.12
21/9/2016,78.65,83.9
22/9/2016,79.53,84.98
23/9/2016,78.6,84.23
26/9/2016,77.68,82.63
27/9/2016,78.01,82.46
28/9/2016,79.3,82.76
29/9/2016,79.73,83.92
30/9/2016,80.67,85.24
3/10/2016,80.92,86.3
4/10/2016,80.38,85.82
5/10/2016,81.18,87.27
6/10/2016,80.64,87.25
7/10/2016,81.06,87.54
10/10/2016,81.43,87.9
11/10/2016,82.27,87.25
12/10/2016,82.09,86.75
13/10/2016,82.69,87.68
14/10/2016,82.5,86.93
17/10/2016,82.5,86.93
18/10/2016,82.5,86.93
19/10/2016,83.31,87.43
20/10/2016,83.5,88.01
21/10/2016,82.41,87.12
24/10/2016,82.41,87.12
25/10/2016,82.97,87.89
26/10/2016,83.61,88.08
27/10/2016,83.85,87.84
28/10/2016,84.13,87.8
31/10/2016,85.26,88.8
1/11/2016,84.82,87.74
2/11/2016,85,86.75
3/11/2016,85.03,86.36
4/11/2016,83.86,85.89
7/11/2016,84.09,86.19
8/11/2016,83.35,85
9/11/2016,82.66,84.81
10/11/2016,82.67,85.04
11/11/2016,81.58,84.83
14/11/2016,81.47,83.86
15/11/2016,81.77,83.73
16/11/2016,82.23,84.15
17/11/2016,82.23,84.15
18/11/2016,82.98,85.77
21/11/2016,82.19,84.49
22/11/2016,81.66,84.6
23/11/2016,82.02,84.64
24/11/2016,82.01,83.92
25/11/2016,81.68,83.51
28/11/2016,81.91,83.94
29/11/2016,81.51,82.75
30/11/2016,82.35,83.71
1/12/2016,81.93,83.59
2/12/2016,82.9,85.09
5/12/2016,83.15,85.56
6/12/2016,82.63,85.83
7/12/2016,84.53,87.61
8/12/2016,85.08,88.19
9/12/2016,85.39,87.06
12/12/2016,85.91,87.35
13/12/2016,85.94,86.88
14/12/2016,83.71,86.95
15/12/2016,83.48,86.97
16/12/2016,83.02,86.31
19/12/2016,82.24,86.72
20/12/2016,82.32,86.65
21/12/2016,82.81,86.64
22/12/2016,83.86,87.94
23/12/2016,83.2,87.72
28/12/2016,83.5,87.32
29/12/2016,83.54,87.18
30/12/2016,83.23,87.39
3/1/2017,83.53,87.27
4/1/2017,84.5,88.95
5/1/2017,84.3,89.42
6/1/2017,84.49,89
9/1/2017,84.82,89.2
10/1/2017,84.54,88.25
11/1/2017,84.77,88.9
12/1/2017,84.43,88.57
13/1/2017,84.42,88.6
16/1/2017,82.71,86.44
17/1/2017,82.95,86.85
18/1/2017,83.38,88.03
19/1/2017,83.4,87.36
20/1/2017,85.26,88.1
23/1/2017,86.14,89.25
24/1/2017,86.52,90.05
25/1/2017,85.91,90.2
27/1/2017,86.39,89.6
30/1/2017,85.93,88.75
31/1/2017,85.99,88.97
1/2/2017,84.79,88
2/2/2017,84.77,87.93
3/2/2017,85.49,88.7
6/2/2017,86.1,89.35
7/2/2017,86.68,88.63
8/2/2017,86.25,87.9
9/2/2017,86.25,87.9
10/2/2017,86.25,87.9
13/2/2017,85.51,87.15
14/2/2017,84.62,86.64
15/2/2017,85.13,86.87
16/2/2017,85.64,87.73
17/2/2017,86.23,89.1
20/2/2017,86.23,89.1
21/2/2017,87.11,91.38
22/2/2017,87.66,92.28
23/2/2017,87.4,93
24/2/2017,87.46,94.09
27/2/2017,86.83,92.7
28/2/2017,85.35,91.54
1/3/2017,84.63,91.92
2/3/2017,84.4,94.89
3/3/2017,85.3,94.33
6/3/2017,82.02,92.46
7/3/2017,81.73,91.94
8/3/2017,82.07,93.6
9/3/2017,81.67,92.63
10/3/2017,82.24,91.84
13/3/2017,82.61,89.93
14/3/2017,80.97,88.8
15/3/2017,80.81,87.72
16/3/2017,80.23,87.78
17/3/2017,81.27,88.65
20/3/2017,80.94,88.18
21/3/2017,81,88.85
22/3/2017,81.26,88.8
23/3/2017,80.14,88.82
24/3/2017,78.89,87.75
27/3/2017,79.44,88.44
28/3/2017,79.65,89.65
29/3/2017,79.62,89.42
30/3/2017,80.38,89.97
31/3/2017,79.31,88.2
3/4/2017,78.15,86.18
4/4/2017,78.5,86.75
5/4/2017,79.05,87.08
6/4/2017,79.19,86.51
7/4/2017,79.19,86.51
10/4/2017,81.13,88.9
11/4/2017,82.3,90.3
12/4/2017,81.7,89.84
13/4/2017,81.86,90.35
18/4/2017,82.79,91.02
19/4/2017,82.24,90.31
20/4/2017,80.8,89.23
21/4/2017,81.88,90.2
24/4/2017,81.25,89.4
26/4/2017,81.55,89.37
27/4/2017,82.08,88.51
28/4/2017,82.71,88
1/5/2017,84.02,89.9
2/5/2017,82.81,88.5
3/5/2017,82.44,88.3
4/5/2017,84,89.75
5/5/2017,83.64,89.17
8/5/2017,83.01,89.56
9/5/2017,82.13,88.05
10/5/2017,82.81,87.79
11/5/2017,82.94,88.72
12/5/2017,82.12,87.54
15/5/2017,82.56,87.65
16/5/2017,83.12,88
17/5/2017,82.94,88.07
18/5/2017,81.4,86.84
19/5/2017,83.81,87.13
22/5/2017,84.56,86.1
23/5/2017,83.97,85.5
24/5/2017,83.57,84.67
25/5/2017,84.28,85.66
26/5/2017,84.81,86.33
29/5/2017,85.05,87.37
30/5/2017,83.76,85.05
31/5/2017,83.73,85.83
1/6/2017,84.54,86.82
2/6/2017,84.23,86.07
5/6/2017,83.97,86.15
6/6/2017,80.72,86.33
7/6/2017,81.52,86.98
8/6/2017,80.65,86.59
9/6/2017,81.11,86.86
13/6/2017,81.05,86.84
14/6/2017,80.5,86.36
15/6/2017,81.31,87.35
16/6/2017,81.25,87.76
19/6/2017,79.84,88.63
20/6/2017,79.55,88.69
21/6/2017,79.09,87.39
22/6/2017,78.41,87.48
23/6/2017,78.66,87.96
26/6/2017,78.21,88.03
27/6/2017,77.55,87.63
28/6/2017,77.72,87.98
29/6/2017,76.68,87.99
30/6/2017,75.73,86.13
3/7/2017,75.37,86.16
4/7/2017,75.8,86.8
5/7/2017,75.48,86.81
6/7/2017,74.41,86.4
7/7/2017,74.59,85.95
10/7/2017,73.7,84
11/7/2017,73.98,83.18
12/7/2017,73.24,82.7
13/7/2017,74.26,85.15
14/7/2017,75.92,87.1
17/7/2017,76.55,87.43
18/7/2017,76.75,88.44
19/7/2017,76.28,87.51
20/7/2017,76.69,88.18
21/7/2017,76.28,88.51
24/7/2017,76.29,88.43
25/7/2017,76.07,87.93
26/7/2017,76.62,88.64
27/7/2017,75.81,89.14
28/7/2017,75.1,89.13
31/7/2017,74.85,88.92
1/8/2017,75.12,90.95
2/8/2017,75.25,90.92
3/8/2017,76.34,91.56
4/8/2017,75.16,92.46
7/8/2017,75.4,91.94
8/8/2017,75.32,91.78
9/8/2017,76.3,93.02
10/8/2017,76.71,92.58
11/8/2017,76.35,92.46
14/8/2017,76.35,92.95
15/8/2017,76.41,93.15
16/8/2017,76.66,92.79
17/8/2017,77.2,92.61
18/8/2017,78.25,92.9
21/8/2017,78.37,92.93
22/8/2017,78.74,93.72
23/8/2017,78.97,93.86
24/8/2017,78.69,93.8
25/8/2017,78.66,93.5
28/8/2017,78.63,93.85
29/8/2017,78.99,94.22
30/8/2017,78.24,97.91
31/8/2017,78.12,98.84
1/9/2017,77.63,98.35
4/9/2017,77.67,98.35
5/9/2017,77.41,99.39
6/9/2017,77.79,99.17
7/9/2017,77.4,99.4
8/9/2017,78.2,97.93
11/9/2017,80.27,97.24
12/9/2017,80.94,97.75
13/9/2017,80.85,97.94
14/9/2017,81.52,98.32
15/9/2017,80.82,97.79
18/9/2017,80.58,98.4
19/9/2017,80.82,97.99
20/9/2017,80.92,98.95
21/9/2017,80.61,98.42
22/9/2017,80.58,99.46
25/9/2017,81.05,99.5
26/9/2017,80.88,99.67
27/9/2017,80.57,99.34
28/9/2017,80.5,100.2
29/9/2017,80.37,99.5
2/10/2017,80.98,99.77
3/10/2017,79.43,98.23
4/10/2017,79.17,98.2
5/10/2017,78.92,97.45
6/10/2017,78.74,96.19
9/10/2017,78.6,95.99
10/10/2017,78.97,96.79
11/10/2017,79.62,98.65
12/10/2017,80,97.9
13/10/2017,80.36,98.34
16/10/2017,80.31,98
17/10/2017,80.44,97.4
18/10/2017,79.94,96.88
19/10/2017,80.01,98.7
20/10/2017,80.3,99.62
23/10/2017,80.57,100.09
24/10/2017,79.81,100.16
25/10/2017,80.39,99.93
26/10/2017,80.39,99.93
27/10/2017,80.39,99.93
30/10/2017,80.16,99.61
31/10/2017,80.49,99.44
1/11/2017,80.34,99.63
2/11/2017,80.34,99.63
3/11/2017,80.22,99.05
6/11/2017,80.14,98.83
7/11/2017,79.97,99.8
8/11/2017,81.16,101.34
9/11/2017,81.62,101.98
10/11/2017,82.19,102.02
13/11/2017,81.61,101.93
14/11/2017,81.3,101.14
15/11/2017,80.88,101.47
16/11/2017,81.17,100.99
17/11/2017,80.58,100.96
20/11/2017,80.11,102
21/11/2017,79.9,102.15
22/11/2017,79.83,102.04
23/11/2017,78.85,101.61
24/11/2017,79.25,102.72
27/11/2017,78.65,104.4
28/11/2017,78.65,104.96
29/11/2017,78.65,104.96
30/11/2017,79.19,105.18
1/12/2017,79.09,103.48
4/12/2017,78.87,103.13
5/12/2017,80.01,103.71
6/12/2017,80.79,104.99
7/12/2017,79.8,103.36
8/12/2017,77.4,97.88
11/12/2017,76.79,101.73
12/12/2017,76.51,103.08
13/12/2017,76.25,100.53
14/12/2017,75.88,101.25
15/12/2017,76.3,102.4
18/12/2017,73.98,102.1
19/12/2017,73.86,103.4
20/12/2017,74.02,103.05
21/12/2017,74.4,103.56
22/12/2017,74.26,103.35
27/12/2017,74.33,102.95
28/12/2017,74.65,102.72
29/12/2017,75.46,101.97
2/1/2018,76.6,102.5
3/1/2018,76.76,103.59
4/1/2018,76.39,103.65
5/1/2018,76.06,102.93
8/1/2018,75.73,102.63
9/1/2018,75.03,102.15
10/1/2018,75.69,103.57
11/1/2018,75.14,102.15
12/1/2018,76.17,104.02
15/1/2018,76.87,105.46
16/1/2018,77.36,106.62
17/1/2018,77.05,106.6
18/1/2018,76.55,105.68
19/1/2018,75.78,105.84
22/1/2018,75.34,104.9
23/1/2018,74.89,105.39
24/1/2018,75.19,105.03
25/1/2018,75.78,105.81
29/1/2018,74.87,106.69
30/1/2018,72.81,103.98
31/1/2018,72.02,102.89
1/2/2018,72.43,104.1
2/2/2018,71.86,102.81
5/2/2018,72.31,102.9
6/2/2018,72.31,102.9
7/2/2018,72.31,102.9
8/2/2018,72.26,102.08
9/2/2018,72.8,100.92
12/2/2018,73.8,100.82
13/2/2018,73.49,101.35
14/2/2018,73.55,101.6
15/2/2018,74.36,103.09
16/2/2018,73.64,103.79
19/2/2018,73.09,103.36
20/2/2018,73.16,104.21
21/2/2018,72.62,104.54
22/2/2018,72.76,104.32
23/2/2018,72.41,104.75
26/2/2018,72.4,104.45
27/2/2018,72.06,104.8
28/2/2018,72.67,105.52
1/3/2018,73.46,105.88
2/3/2018,73.46,105.88
5/3/2018,72.25,105.42
6/3/2018,71.54,108.1
7/3/2018,71.82,108.69
8/3/2018,73.17,107.72
9/3/2018,73.46,106.97
12/3/2018,73.91,107.75
13/3/2018,72.76,108.01
14/3/2018,72.71,110.09
15/3/2018,73.5,112
16/3/2018,71.41,112.87
19/3/2018,70.98,113.99
20/3/2018,70.53,113.4
21/3/2018,70.8,111.75
22/3/2018,70.92,112.77
23/3/2018,70.79,114.9
26/3/2018,71.16,113.69
27/3/2018,70.5,114.55
28/3/2018,70.09,115.34
29/3/2018,70.25,114.42
3/4/2018,69.81,116.43
4/4/2018,69.59,116.24
5/4/2018,69.87,116.88
6/4/2018,69.61,115.73
9/4/2018,70.35,116.1
10/4/2018,69.6,113.25
11/4/2018,69.3,114.33
12/4/2018,68.7,112.84
13/4/2018,69.69,113.1
16/4/2018,70.39,112.3
17/4/2018,69.23,113.16
18/4/2018,69.26,113.49
19/4/2018,69.37,113.07
20/4/2018,69.37,113.07
23/4/2018,68.85,113.2
24/4/2018,68.18,113.8
26/4/2018,67.45,113.45
27/4/2018,68.98,117.19
30/4/2018,69.7,116.4
1/5/2018,69.88,118.5
2/5/2018,71.91,121.72
3/5/2018,72.9,122.73
4/5/2018,73.86,122.03
7/5/2018,72.16,122.59
8/5/2018,72.81,120.97
9/5/2018,72.61,122.21
10/5/2018,73.23,126.7
11/5/2018,72.87,123.65
14/5/2018,72.7,123.08
15/5/2018,73.97,123.1
16/5/2018,73.59,121.06
17/5/2018,74.46,122.45
18/5/2018,75.67,122.96
21/5/2018,76.1,123.63
22/5/2018,74.43,122.52
23/5/2018,74.05,121.99
24/5/2018,75.21,122.58
25/5/2018,74.85,123.01
28/5/2018,74.24,122.52
29/5/2018,74.49,121.33
30/5/2018,75.02,124.1
31/5/2018,75.39,124.2
1/6/2018,75.9,125.24
4/6/2018,75.24,124
5/6/2018,75.17,125.63
6/6/2018,74.76,124.93
7/6/2018,74.83,121.7
8/6/2018,75.36,124.02
12/6/2018,74.9,122.99
13/6/2018,74.79,122.82
14/6/2018,73.71,122.23
15/6/2018,73.68,121.4
18/6/2018,72.83,121.62
19/6/2018,73.56,122.46
20/6/2018,72.89,122.85
21/6/2018,74.81,121.82
22/6/2018,75.37,122.61
25/6/2018,75.39,122.29
26/6/2018,74.94,122.48
27/6/2018,75.86,123.99
28/6/2018,73.99,125.5
29/6/2018,74.12,124.74
2/7/2018,74.29,124.56
3/7/2018,73.61,124.57
4/7/2018,72.95,124.74
5/7/2018,71.88,124.3
6/7/2018,70.75,123.95
9/7/2018,70.89,125.32
10/7/2018,71.19,125.45
11/7/2018,71.73,124.56
12/7/2018,73.23,126.12
13/7/2018,72.15,128.46
16/7/2018,71.24,129.4
17/7/2018,71.21,129.35
18/7/2018,70.73,128.37
19/7/2018,70.11,127.56
20/7/2018,70.14,124.52
23/7/2018,70.51,122.68
24/7/2018,70.75,122.64
25/7/2018,71.87,124.87
26/7/2018,71.93,126.51
27/7/2018,71.18,123.84
30/7/2018,71.5,124.43
31/7/2018,71.75,125.1
1/8/2018,71.92,124.22
2/8/2018,72.09,125.98
3/8/2018,71.88,126.61
6/8/2018,71.94,127.85
7/8/2018,71.57,126.88
8/8/2018,70.8,127.65
9/8/2018,70.18,126.89
10/8/2018,70.08,127.75
13/8/2018,71.41,126.04
14/8/2018,70.42,124.57
15/8/2018,69.57,122.63
16/8/2018,69.61,122.38
17/8/2018,69.92,123.69
20/8/2018,70,125.27
21/8/2018,69.35,123.72
22/8/2018,68.75,122.56
23/8/2018,68.97,122.91
24/8/2018,67,115.49
27/8/2018,67.03,115.53
28/8/2018,65.63,114.83
29/8/2018,65.77,114.45
30/8/2018,66.9,117.36
31/8/2018,67.22,116.28
3/9/2018,67.92,116.87
4/9/2018,67.34,114.96
5/9/2018,66.61,113.9
6/9/2018,66.86,113.73
7/9/2018,65.27,110.13
10/9/2018,65.81,111.17
11/9/2018,66.64,112.81
12/9/2018,68.16,115.31
13/9/2018,69.23,117.2
14/9/2018,68.94,117.87
17/9/2018,68.35,122.42
18/9/2018,67.98,121.72
19/9/2018,68.95,121.5
20/9/2018,69.35,120.81
21/9/2018,70.62,123.09
24/9/2018,70.95,123.64
25/9/2018,71.77,122.03
26/9/2018,70.9,119.43
27/9/2018,69.21,118.75
28/9/2018,68.86,118.81
1/10/2018,68.9,119
2/10/2018,68.5,116.23
3/10/2018,69.2,114.93
4/10/2018,70.06,112.77
5/10/2018,70.63,114.2
8/10/2018,71.3,114.53
9/10/2018,71.36,113.46
10/10/2018,72.21,114.99
11/10/2018,72.09,115.04
12/10/2018,72.43,116.81
15/10/2018,71.23,114.42
16/10/2018,71.55,117.61
17/10/2018,70.8,116.35
18/10/2018,70,113.41
19/10/2018,69.67,112.05
22/10/2018,70.37,113.32
23/10/2018,68.27,109.89
24/10/2018,68.43,109.77
25/10/2018,70.08,113.17
26/10/2018,70.18,114
29/10/2018,68.81,113.18
30/10/2018,69.26,113.26
31/10/2018,68.6,110.63
1/11/2018,69.4,109.91
2/11/2018,68.92,107.29
5/11/2018,68.48,104.82
6/11/2018,68.65,105.44
7/11/2018,68.65,105.44
8/11/2018,68.65,105.44
9/11/2018,70.33,106.04
12/11/2018,71.91,108.59
13/11/2018,72.39,108.65
14/11/2018,72.39,108.65
15/11/2018,70.97,106.85
16/11/2018,71.84,109.83
19/11/2018,71.89,109.41
20/11/2018,72.57,110.57
21/11/2018,72.47,112.67
22/11/2018,72.33,113.98
23/11/2018,72.45,113.95
26/11/2018,71.66,113.21
27/11/2018,71.92,113.28
28/11/2018,72.65,114.98
29/11/2018,72.55,116
30/11/2018,72.77,117.18
3/12/2018,73.23,118.2
4/12/2018,73.05,117.68
5/12/2018,72.18,116.31
6/12/2018,72.13,116.29
7/12/2018,72.51,117.9
10/12/2018,72.54,117.81
11/12/2018,72.54,117.81
12/12/2018,71.35,116.45
13/12/2018,71.24,116.76
14/12/2018,69.91,116.48
17/12/2018,69.76,116.41
18/12/2018,70.3,116.7
19/12/2018,73.6,118.48
20/12/2018,72.6,120.56
21/12/2018,74.06,123.09
24/12/2018,74.75,121.57
27/12/2018,73.82,121.98
28/12/2018,73.33,124.6
31/12/2018,71.21,126.29
2/1/2019,70.59,125.45
3/1/2019,70.81,124.22
4/1/2019,70.97,124.8
7/1/2019,71.67,126.16
8/1/2019,71.66,126
9/1/2019,73.1,127.97
10/1/2019,73.85,127.64
11/1/2019,73.76,128.59
14/1/2019,73.15,127.25
15/1/2019,73.65,127.56
16/1/2019,73.95,128.64
17/1/2019,74.35,129.23
18/1/2019,74.05,129.9
21/1/2019,74.06,128.55
22/1/2019,74.75,129.64
23/1/2019,74.68,129.89
24/1/2019,73.18,128.5
25/1/2019,73.15,125.59
29/1/2019,73.13,125.74
30/1/2019,73.05,125.57
31/1/2019,72.93,126.73
1/2/2019,72.31,127.74
4/2/2019,71.81,128.78
5/2/2019,71.33,129.1
6/2/2019,70.79,128.76
7/2/2019,71.13,126.83
8/2/2019,71.43,126.97
11/2/2019,70.78,126.12
12/2/2019,70.71,125.5
13/2/2019,70.84,126.58
14/2/2019,70.91,128.9
15/2/2019,70.64,129.42
18/2/2019,71.36,130.62
19/2/2019,71.38,131.5
20/2/2019,71.39,132.8
21/2/2019,71.23,131.75
22/2/2019,70.89,130.7
25/2/2019,70.67,130.83
26/2/2019,70.25,130.39
27/2/2019,70.75,130.59
28/2/2019,70.26,130.54
1/3/2019,71.63,132
4/3/2019,72.19,132.37
5/3/2019,72.69,133.29
6/3/2019,73.29,133.76
7/3/2019,73.41,133.17
8/3/2019,73.41,133.17
11/3/2019,73.41,133.17
12/3/2019,74.2,134.5
13/3/2019,75.16,135.77
14/3/2019,75.16,135.77
15/3/2019,75.45,135.99
18/3/2019,75.11,134.54
19/3/2019,74.52,134.7
20/3/2019,75.5,135.32
21/3/2019,74.86,136.2
22/3/2019,74.98,128.81
25/3/2019,74.94,125.62
26/3/2019,74.61,124.89
27/3/2019,74.74,124.03
28/3/2019,75.17,124.37
29/3/2019,75.4,124.63
1/4/2019,73.5,120.16
2/4/2019,72.57,117.5
3/4/2019,72.54,119.11
4/4/2019,73.33,119.34
5/4/2019,72.83,119.93
8/4/2019,77.4,121.98
9/4/2019,78.97,123.14
10/4/2019,79,121.59
11/4/2019,78.15,121.71
12/4/2019,78.18,120.77
15/4/2019,77.64,120.8
16/4/2019,78.04,122.57
17/4/2019,77.89,121.22
18/4/2019,78.2,120.43
23/4/2019,78.51,120.31
24/4/2019,77.91,116
26/4/2019,78.42,114.35
29/4/2019,79.39,116.86
30/4/2019,79.72,117.25
1/5/2019,80,119.21
2/5/2019,80,119.21
3/5/2019,80.95,121.15
6/5/2019,79.87,121
7/5/2019,80.42,122.16
8/5/2019,79.77,122.09
9/5/2019,80.19,123.38
10/5/2019,81.45,123.3
13/5/2019,82.3,125.38
14/5/2019,82.89,127.33
15/5/2019,82.24,126
16/5/2019,82.7,126.62
17/5/2019,82.38,126.31
20/5/2019,82.19,126.18
21/5/2019,83,125.7
22/5/2019,82.78,125.39
23/5/2019,82.32,127.25
24/5/2019,81.05,127.12
27/5/2019,80.95,127.33
28/5/2019,81.57,128.89
29/5/2019,82.26,129.79
30/5/2019,81.28,128.52
31/5/2019,80.97,127.74
3/6/2019,81.24,128.01
4/6/2019,81.24,127.02
5/6/2019,81.52,127.51
6/6/2019,81.06,126.91
7/6/2019,80.85,126.5
11/6/2019,81.32,128.21
12/6/2019,81.38,126.7
13/6/2019,82.09,127.29
14/6/2019,81.85,127.42
17/6/2019,81.55,128.88
18/6/2019,82.35,129.31
19/6/2019,83,130.48
20/6/2019,82.59,128.68
21/6/2019,83.25,129.71
24/6/2019,83.4,129.02
25/6/2019,82.3,128.79
26/6/2019,81.92,127.93
27/6/2019,81.88,126.01
28/6/2019,81.21,123.33
1/7/2019,79.8,119.57
2/7/2019,78.7,120.69
3/7/2019,78.96,122.38
4/7/2019,79.42,122.78
5/7/2019,79.94,122.37
8/7/2019,79.46,120.8
9/7/2019,76.63,121.98
10/7/2019,74.34,118
11/7/2019,75.12,118.54
12/7/2019,76.29,122.22
15/7/2019,77.13,123.38
16/7/2019,77.02,123.93
17/7/2019,77.1,124.51
18/7/2019,77.4,124.79
19/7/2019,76.76,122.06
22/7/2019,77.15,123.51
23/7/2019,76.8,123.51
24/7/2019,77.41,122.53
25/7/2019,79.05,123.84
26/7/2019,78.94,123.5
29/7/2019,78.78,123.5
30/7/2019,78.69,122.94
31/7/2019,79.25,125.26
1/8/2019,79.54,127.08
2/8/2019,79.81,127.72
5/8/2019,79.89,127.52
6/8/2019,80.6,128.5
7/8/2019,81.35,128.5
8/8/2019,82.14,129.29
9/8/2019,81.69,129.43
12/8/2019,82.24,128.81
13/8/2019,81.74,128.74
14/8/2019,82.18,131.77
15/8/2019,82.18,131.05
16/8/2019,82.05,131.37
19/8/2019,82.1,132.13
20/8/2019,81.58,131.93
21/8/2019,81.18,132.01
22/8/2019,81.54,132.09
23/8/2019,80.83,131.08
26/8/2019,81.28,131.99
27/8/2019,79.6,129.85
28/8/2019,77.34,126.27
29/8/2019,77.59,126.44
30/8/2019,77.94,125.81
2/9/2019,78.6,126.58
3/9/2019,78.18,125.41
4/9/2019,78.1,126.63
5/9/2019,78.77,129.39
6/9/2019,79.07,131.24
9/9/2019,79.31,132.17
10/9/2019,80.43,134.27
11/9/2019,80.11,133.65
12/9/2019,79.64,133.82
13/9/2019,79.79,133.14
16/9/2019,79.66,132.89
17/9/2019,79.94,132.01
18/9/2019,80.29,133.87
19/9/2019,80.7,134.98
20/9/2019,80.48,135.39
23/9/2019,80.46,135.98
24/9/2019,79.69,133.95
25/9/2019,78.66,133.92
26/9/2019,78.24,134.38
27/9/2019,77.05,134.6
30/9/2019,77.7,136.27
1/10/2019,78,135.45
2/10/2019,79.04,136.61
3/10/2019,79.17,137.74
4/10/2019,80.05,136.24
7/10/2019,80.83,136.72
8/10/2019,79.24,136.35
9/10/2019,79.77,136.89
10/10/2019,80.69,137.96
11/10/2019,80.34,136.65
14/10/2019,80.67,137.81
15/10/2019,79.6,135.03
16/10/2019,79.33,134.42
17/10/2019,79.6,134.88
18/10/2019,79.89,135.3
21/10/2019,80.74,136.3
22/10/2019,81.69,137.36
23/10/2019,81.6,138.05
24/10/2019,80.82,138.05
25/10/2019,81.43,138.16
28/10/2019,79.34,134.77
29/10/2019,77.81,132.5
30/10/2019,78.62,133.56
31/10/2019,78.99,135.1
1/11/2019,79.26,135.73
4/11/2019,79.23,135.38
5/11/2019,80.31,135.5
6/11/2019,79.72,134.12
7/11/2019,80.06,136.31
8/11/2019,81.46,138.65
11/11/2019,81.9,138.1
12/11/2019,81.9,137.76
13/11/2019,81.73,140.01
14/11/2019,81.25,140.25
15/11/2019,80.84,139
18/11/2019,80.71,139.22
19/11/2019,80.71,139.22
20/11/2019,80.71,139.22
21/11/2019,81.07,140.23
22/11/2019,81.1,139.07
25/11/2019,79.9,137.85
26/11/2019,79.9,137.85
27/11/2019,79.88,137.53
28/11/2019,80.31,138.37
29/11/2019,79.77,137.63
2/12/2019,81.2,139.51
3/12/2019,80.9,138.5
4/12/2019,81.49,139.13
5/12/2019,82.5,140.35
6/12/2019,82.48,139.5
9/12/2019,83.17,141.13
10/12/2019,83.66,141.51
11/12/2019,84.46,143.47
12/12/2019,84.05,144.14
13/12/2019,83.93,144.98
16/12/2019,83.48,144.01
17/12/2019,84.45,145.86
18/12/2019,84.52,145
19/12/2019,84.94,145.86
20/12/2019,84.94,145.86
23/12/2019,84.02,143.01
24/12/2019,84.61,144.6
27/12/2019,85.44,145.72
30/12/2019,85.26,144.77
31/12/2019,84.55,141.85
2/1/2020,84.31,143.04
3/1/2020,83.28,144.67
6/1/2020,84.23,146.72
7/1/2020,84.8,146.96
8/1/2020,84.32,146.34
9/1/2020,84.72,145.53
10/1/2020,88.18,148.26
13/1/2020,88.73,149.31
14/1/2020,90.99,148.58
15/1/2020,89.46,148.72
16/1/2020,90.26,149.14
17/1/2020,87.83,150.78
20/1/2020,87.85,151.77
21/1/2020,88.8,151.34
22/1/2020,87.99,145.69
23/1/2020,86.8,144.75
24/1/2020,85.35,141.29
28/1/2020,84.43,139.42
29/1/2020,81.78,134.83
30/1/2020,80.47,134
31/1/2020,79.11,135.96
3/2/2020,77.11,132.94
4/2/2020,76.75,137.53
5/2/2020,73.93,131.93
6/2/2020,69.15,121.5
7/2/2020,73.37,126.55
10/2/2020,68.5,120.9
11/2/2020,63.11,111.78
12/2/2020,66.36,116.48
13/2/2020,59.72,102.5
14/2/2020,67.64,104.49
17/2/2020,63.95,91.05
18/2/2020,60.95,79.3
19/2/2020,59.91,85.06
20/2/2020,54.26,72.02
21/2/2020,57,79.9
24/2/2020,62.4,84.52
25/2/2020,61.8,85.15
26/2/2020,57.66,80.01
27/2/2020,63.95,85.65
28/2/2020,61.82,85.75
2/3/2020,63.67,89.34
3/3/2020,61.24,88.06
4/3/2020,60.11,84.3
5/3/2020,62.47,92
6/3/2020,61.87,92.45
9/3/2020,59.81,92.89
10/3/2020,61.76,99.5
11/3/2020,61.76,99.5
12/3/2020,61.76,99.5
13/3/2020,62.75,101.81
16/3/2020,62.07,100.96
17/3/2020,61.26,99
18/3/2020,61.06,100.41
19/3/2020,59.88,100.17
20/3/2020,58.63,98.4
23/3/2020,59.25,97.9
24/3/2020,58.83,96.96
25/3/2020,58.88,95.01
26/3/2020,58.88,99
27/3/2020,58.61,97.74
30/3/2020,61.07,100.1
31/3/2020,62.69,102.66
1/4/2020,58.84,96.92
2/4/2020,59.88,97.23
3/4/2020,60.85,100.24
6/4/2020,60.35,99.45
7/4/2020,59.26,99.55
8/4/2020,59.6,105.19
9/4/2020,60.14,111.54
14/4/2020,59.71,107.01
15/4/2020,60.85,106.39
16/4/2020,58.9,103.16
17/4/2020,59.6,105.08
20/4/2020,58.9,102.2
21/4/2020,59.65,105.81
22/4/2020,60.07,104.66
23/4/2020,59.05,103.96
24/4/2020,58.7,102.62
27/4/2020,58.99,106.17
28/4/2020,61.31,108.71
29/4/2020,64.3,110.95
30/4/2020,65.73,112.71
1/5/2020,63.75,109.97
4/5/2020,63.9,110.49
5/5/2020,64.03,113.31
6/5/2020,66.11,116.1
7/5/2020,67.66,117.51
8/5/2020,68.73,118
11/5/2020,68.73,118
12/5/2020,72.2,124.4
13/5/2020,71.6,124
14/5/2020,68.44,118.45
15/5/2020,67.32,115.6
18/5/2020,66.3,113.24
19/5/2020,69.09,120.34
20/5/2020,69.59,121
21/5/2020,69.01,119.78
22/5/2020,68.68,121.53
25/5/2020,69.44,120.61
26/5/2020,69.03,121.57
27/5/2020,69.24,121.59
28/5/2020,67.65,117.19
29/5/2020,69.27,119.19
1/6/2020,68.58,116.43
2/6/2020,69.42,118.6
3/6/2020,69.88,120.74
4/6/2020,71.1,121.96
5/6/2020,71.57,122.02
9/6/2020,71.42,123.82
10/6/2020,71.24,122.8
11/6/2020,70.56,121.63
12/6/2020,70.42,121.67
15/6/2020,70.63,119.8
16/6/2020,72.12,122.15
17/6/2020,71.73,121.5
18/6/2020,72.73,123.81
19/6/2020,72.64,124.74
22/6/2020,72.6,125.18
23/6/2020,71.99,124.38
24/6/2020,74.43,127.84
25/6/2020,74.13,126.8
26/6/2020,73.74,126.61
29/6/2020,72.86,125.79
30/6/2020,72.49,126.6
1/7/2020,72.21,124.57
2/7/2020,73.01,124.98
3/7/2020,73.22,126
6/7/2020,71.2,123.49
7/7/2020,69.93,121.99
8/7/2020,71.5,125.24
9/7/2020,71.7,124.44
10/7/2020,71.71,124.92
13/7/2020,71.52,124.68
14/7/2020,73.98,126.42
15/7/2020,74.7,126.21
16/7/2020,74.34,126.93
17/7/2020,72.43,125.76
20/7/2020,71.76,126.18
21/7/2020,70.76,126.69
22/7/2020,70.48,127.62
23/7/2020,71.04,128.08
24/7/2020,70.26,129.5
27/7/2020,69.63,127.43
28/7/2020,68.95,127.73
29/7/2020,70.45,128.96
30/7/2020,69.65,129.34
31/7/2020,69.07,128.91
4/8/2020,69.09,128.24
5/8/2020,68.28,127.7
6/8/2020,66.79,125.64
7/8/2020,67.61,127.7
10/8/2020,68.18,130.2
11/8/2020,66.73,126.2
12/8/2020,67.37,126.76
13/8/2020,68.49,128.14
14/8/2020,66.79,126
17/8/2020,66.72,127.39
18/8/2020,65.8,126.1
19/8/2020,66.17,120.2
20/8/2020,65.03,118.69
21/8/2020,65.7,119.62
24/8/2020,65,119.63
25/8/2020,64.37,122.56
26/8/2020,63.5,121.14
27/8/2020,63.07,120
28/8/2020,64.27,122.23
31/8/2020,64.2,121.73
1/9/2020,66.13,121.67
2/9/2020,65.49,121.68
3/9/2020,65.02,122.42
4/9/2020,63.61,119.57
7/9/2020,64.04,120.41
8/9/2020,63.72,119.1
9/9/2020,65.99,122.65
10/9/2020,66.15,123.4
11/9/2020,67.57,126.92
14/9/2020,68.11,129.43
15/9/2020,67.71,129.77
16/9/2020,68.61,129.61
17/9/2020,69.38,130.97
18/9/2020,68.67,131.18
21/9/2020,69.28,132.57
22/9/2020,69.24,134.34
23/9/2020,70.01,136.04
24/9/2020,69.14,134.8
25/9/2020,69.67,136.13
28/9/2020,69.33,136.08
29/9/2020,69.9,136.18
30/9/2020,69.71,136.45
1/10/2020,68.75,135.17
2/10/2020,68.45,131.55
6/10/2020,68.14,127.84
7/10/2020,69.02,126.75
8/10/2020,68.87,127.37
9/10/2020,69.82,130.83
12/10/2020,68.41,132.87
13/10/2020,69.67,132.45
14/10/2020,69.79,135.45
15/10/2020,70.31,136.44
16/10/2020,72.4,139.18
19/10/2020,74.4,142.04
20/10/2020,73.07,141.02
21/10/2020,73.14,141.17
22/10/2020,74.5,141
23/10/2020,75.39,139.68
26/10/2020,77.55,139.18
27/10/2020,78.87,138.01
28/10/2020,80,136.67
29/10/2020,79.6,139.7
30/10/2020,81.16,139.61
2/11/2020,82.37,141.04
3/11/2020,81.09,138.27
4/11/2020,80.71,137.49
5/11/2020,79.07,138.67
6/11/2020,80.25,140.19
9/11/2020,80.1,138.34
10/11/2020,79.56,138.6
11/11/2020,80.18,141.82
12/11/2020,80.74,140.95
13/11/2020,81.81,141.03
16/11/2020,83.18,139.77
17/11/2020,83.09,139.15
18/11/2020,82.39,138.08
19/11/2020,83.92,137.8
20/11/2020,83.07,137.53
23/11/2020,83.85,138.42
24/11/2020,84.72,141.58
25/11/2020,83.16,137.96
26/11/2020,83,137.65
27/11/2020,82.42,137.25
30/11/2020,83.18,138.88
1/12/2020,83.15,140.11
2/12/2020,83.15,140.11
3/12/2020,83.15,140.11
4/12/2020,84.01,140.52
7/12/2020,83.59,140.49
8/12/2020,82.11,138.48
9/12/2020,82.11,138.48
10/12/2020,83.75,140
11/12/2020,83.23,139.11
14/12/2020,82.9,135.82
15/12/2020,84.58,138.45
16/12/2020,85.63,140.95
17/12/2020,85.16,140.01
18/12/2020,85.88,138.79
21/12/2020,85.97,136.96
22/12/2020,86.33,138.3
23/12/2020,85.38,137.33
24/12/2020,84.67,136.65
29/12/2020,85.11,138.83
30/12/2020,84.37,138.44
31/12/2020,85.32,139.45
4/1/2021,85.09,137.1
5/1/2021,85.27,137.08
6/1/2021,85.27,137.08
7/1/2021,86.6,135.64
8/1/2021,85.14,133.4
11/1/2021,83.51,131.4
12/1/2021,84.68,132.13
13/1/2021,86.59,134.29
14/1/2021,87.59,135.11
15/1/2021,87.06,134.7
18/1/2021,88.64,134.52
19/1/2021,88.62,134.25
20/1/2021,87.42,143.14
21/1/2021,86.12,147.37
22/1/2021,87.05,146.21
25/1/2021,86.87,144.28
27/1/2021,86.31,145.38
28/1/2021,85.91,146.99
29/1/2021,84.28,145.67
1/2/2021,83.62,145.56
2/2/2021,82.51,142.26
3/2/2021,81.9,147.15
4/2/2021,83.29,148.37
5/2/2021,82.78,146.9
8/2/2021,83.7,145.32
9/2/2021,81.56,142.48
10/2/2021,84.11,145.35
11/2/2021,84.49,146.84
12/2/2021,85.4,147.74
15/2/2021,86.38,146.43
16/2/2021,86.45,144.2
17/2/2021,87.32,148.45
18/2/2021,87.89,152.05
19/2/2021,86.72,150.36
22/2/2021,86.45,148.65
23/2/2021,86.49,149.6
24/2/2021,86.4,149.74
25/2/2021,87.18,151.06
26/2/2021,87.11,151.36
1/3/2021,85.75,151.44
2/3/2021,84.71,148.8
3/3/2021,85.08,150.91
4/3/2021,84.77,151.02
5/3/2021,86.37,151.51
8/3/2021,86.54,152.77
9/3/2021,86,153.4
10/3/2021,85.57,151.46
11/3/2021,85.4,150.56
12/3/2021,86.1,152.83
15/3/2021,86.21,152.12
16/3/2021,86.21,152.12
17/3/2021,86.21,152.12
18/3/2021,86.03,152.18
19/3/2021,86.53,151.69
22/3/2021,87.12,153.61
23/3/2021,87.13,154.8
24/3/2021,86.72,153.92
25/3/2021,87.19,154.25
26/3/2021,87.8,155.31
29/3/2021,87.91,157.85
30/3/2021,87.99,156.25
31/3/2021,88.84,157.28
1/4/2021,87.74,156
6/4/2021,88.17,155.84
7/4/2021,89.14,156.4
8/4/2021,89.39,158.45
9/4/2021,89.05,158.24
12/4/2021,89.33,158.85
13/4/2021,90.21,160.88
14/4/2021,90,160.52
15/4/2021,89.04,160.49
16/4/2021,89.7,160.19
19/4/2021,90.45,160.28
20/4/2021,92.72,161.11
21/4/2021,92.94,159
22/4/2021,93.92,158.45
23/4/2021,95.15,158.21
26/4/2021,94.58,155.94
27/4/2021,95.57,154.26
28/4/2021,95.98,154.86
29/4/2021,96.58,158.34
30/4/2021,97.79,150.59
3/5/2021,97.76,154.13
4/5/2021,95.32,149.97
5/5/2021,98.4,150.36
6/5/2021,98.05,151.28
7/5/2021,98.76,149.17
10/5/2021,99.63,152.92
11/5/2021,99.58,152.61
12/5/2021,98.97,151.77
13/5/2021,100.56,152.47
14/5/2021,99.72,151.93
17/5/2021,99.46,150.38
18/5/2021,100.33,151.99
19/5/2021,101.21,152.44
20/5/2021,102.52,154
21/5/2021,101.93,153.49
24/5/2021,101.48,153.42
25/5/2021,101.08,151.41
26/5/2021,101.85,152.51
27/5/2021,101.36,151.56
28/5/2021,101.36,151.56
31/5/2021,103.45,153.88
1/6/2021,104.82,154.97
2/6/2021,105.91,154.02
3/6/2021,103.69,154.26
4/6/2021,98.06,150.9
7/6/2021,100.23,153.56
8/6/2021,99.2,153.4
9/6/2021,98.65,152.45
10/6/2021,99.26,154.93
11/6/2021,99.87,154.9
15/6/2021,100.48,155.5
16/6/2021,99.87,156.43
17/6/2021,98.7,154.73
18/6/2021,99.49,156.91
21/6/2021,99.18,156.96
22/6/2021,98.62,155.8
23/6/2021,99.71,156.46
24/6/2021,99.49,157.17
25/6/2021,98.59,154.19
28/6/2021,99.17,155.59
29/6/2021,98.39,155.11
30/6/2021,98.78,155.02
1/7/2021,98.31,153.71
2/7/2021,98.19,155.49
5/7/2021,97.68,153.71
6/7/2021,97.61,153.21
7/7/2021,98.42,155.17
8/7/2021,99.88,157.47
9/7/2021,99.12,157.7
12/7/2021,99.14,158.88
13/7/2021,100.71,157.78
14/7/2021,99.3,156.68
15/7/2021,99.45,157.13
16/7/2021,99.65,156.9
19/7/2021,101.66,157.8
20/7/2021,101.45,156.06
21/7/2021,102.23,155.61
22/7/2021,103.41,157.07
23/7/2021,103.75,157.78
26/7/2021,104.94,158.75
27/7/2021,106.56,159.1
28/7/2021,108.17,159.97
29/7/2021,105.88,163.13
30/7/2021,104.03,164.48
3/8/2021,102.54,163.25
4/8/2021,99,162.74
5/8/2021,99.77,163.65
6/8/2021,99.22,164.98
9/8/2021,99.27,163.57
10/8/2021,100.17,164.13
11/8/2021,99.91,165
12/8/2021,100.32,164.41
13/8/2021,100.99,164.36
16/8/2021,101.54,165.6
17/8/2021,100.42,165.99
18/8/2021,100.12,166.74
19/8/2021,101,166.8
20/8/2021,101.37,168.05
23/8/2021,101.84,169.18
24/8/2021,102.16,170.1
25/8/2021,102.14,171.1
26/8/2021,102.92,179.13
27/8/2021,100.55,175.34
30/8/2021,101.09,174.23
31/8/2021,101.3,175.06
1/9/2021,101.58,178.31
2/9/2021,101.41,178.01
3/9/2021,102.85,179.86
6/9/2021,102.88,180.17
7/9/2021,100.81,173.69
8/9/2021,100.34,171.93
9/9/2021,99.64,172.58
10/9/2021,100.8,177.08
13/9/2021,101.7,178.6
14/9/2021,104.59,180.78
15/9/2021,104,181.07
16/9/2021,102.62,177.97
17/9/2021,104.33,182
20/9/2021,100.08,176.7
21/9/2021,105.16,178.12
22/9/2021,105.5,178.42
23/9/2021,103.42,177.71
24/9/2021,103.41,180.66
27/9/2021,104.45,182.28
28/9/2021,104.69,181.52
29/9/2021,104.89,183.11
30/9/2021,103.22,184
1/10/2021,101.91,182.87
5/10/2021,102.28,189.56
6/10/2021,103.94,190.43
7/10/2021,103.89,192.2
8/10/2021,105.03,196
11/10/2021,104.95,197.84
12/10/2021,104.88,199.06
13/10/2021,105.46,200.47
14/10/2021,105.1,200.57
15/10/2021,106.1,199.31
18/10/2021,106.86,197.83
19/10/2021,104.68,197.83
20/10/2021,106.29,198.67
21/10/2021,105.76,195.64
22/10/2021,107,199.28
25/10/2021,108.5,201.94
26/10/2021,109.71,202.42
27/10/2021,110.13,200.9
28/10/2021,108.81,200
29/10/2021,108.91,199.97
1/11/2021,107.17,198.52
2/11/2021,108.12,201.26
3/11/2021,108.01,203.16
4/11/2021,107.68,202.5
5/11/2021,98.99,203.63
8/11/2021,97.46,205.77
9/11/2021,97.81,208
10/11/2021,95.8,205.91
11/11/2021,96.82,206.3
12/11/2021,97.18,203.25
15/11/2021,95.77,201.78
16/11/2021,94.81,195.28
17/11/2021,93.78,194.01
18/11/2021,93.18,196.74
19/11/2021,93.88,195.69
22/11/2021,95.9,198.56
23/11/2021,96.61,199.7
24/11/2021,97.24,200.04
25/11/2021,97.63,200.38
26/11/2021,97.95,202.99
29/11/2021,98.16,201.92
30/11/2021,97.9,201.96
1/12/2021,98.03,202.6
2/12/2021,97.54,204.14
3/12/2021,96.93,203.8
6/12/2021,96.79,207.53
7/12/2021,99.12,205.37
8/12/2021,99.2,202.5
9/12/2021,99.59,203.07
10/12/2021,99.78,203
13/12/2021,100.11,204.19
14/12/2021,100.63,204.25
15/12/2021,100.63,204.25
16/12/2021,100.63,204.25
17/12/2021,101.9,207.21
20/12/2021,102.27,207.36
21/12/2021,101,205.4
22/12/2021,101,205.4
23/12/2021,102.51,211.34
24/12/2021,103.2,215.73
29/12/2021,99.97,209.3
30/12/2021,102.65,211.71
31/12/2021,103.32,207.98
4/1/2022,101.76,205.02
5/1/2022,101.58,208.39
6/1/2022,102.12,208.78
7/1/2022,100.85,206.72
10/1/2022,101.16,207.61
11/1/2022,100.79,206.86
12/1/2022,99.33,199.19
13/1/2022,98.61,198.09
14/1/2022,97.37,190.64
17/1/2022,97.44,189.98
18/1/2022,95.45,185.62
19/1/2022,95.45,185.62
20/1/2022,93.78,179.8
21/1/2022,95.67,186.9
24/1/2022,93.74,183.62
25/1/2022,93.93,188.62
27/1/2022,94.74,192.43
28/1/2022,93.44,189.46
31/1/2022,94.1,192.34
1/2/2022,94,194.02
2/2/2022,94.3,201.57
3/2/2022,99.56,197.65
4/2/2022,100.78,193.39
7/2/2022,98.55,193.28
8/2/2022,100.04,194.22
9/2/2022,99.49,193.88
10/2/2022,98.57,196.99
11/2/2022,98.81,195.65
14/2/2022,97.75,191.11
15/2/2022,98.09,190.71
16/2/2022,96.04,187.28
17/2/2022,96.69,186.5
18/2/2022,94.71,177.4
21/2/2022,93.88,180.02
22/2/2022,93.46,180.78
23/2/2022,94.82,183.05
24/2/2022,94.7,179.59
25/2/2022,94.51,181
28/2/2022,94.6,180.25
1/3/2022,94.64,175.31
2/3/2022,95.59,175.7
3/3/2022,97.41,178.55
4/3/2022,99.74,185.59
7/3/2022,99.38,182.33
8/3/2022,102,187
9/3/2022,103.78,186.17
10/3/2022,104.76,189.44
11/3/2022,106.15,191.6
14/3/2022,106.29,194.8
15/3/2022,105.7,195.01
16/3/2022,106.07,197.58
17/3/2022,107.45,200.05
18/3/2022,107.35,196.59
21/3/2022,105.92,197.87
22/3/2022,106.14,200.09
23/3/2022,106.37,202.83
24/3/2022,107.07,207.09
25/3/2022,105.77,203.27
28/3/2022,104.53,206
29/3/2022,103.72,206.09
30/3/2022,104.36,207.06
31/3/2022,105.71,205.14
1/4/2022,105.24,202.05
4/4/2022,105.38,203.64
5/4/2022,106.88,201.91
6/4/2022,106.71,203.13
7/4/2022,106.55,202.94
8/4/2022,106.5,203.68
11/4/2022,106.5,203.68
12/4/2022,106.5,203.68
13/4/2022,107.01,205.55
14/4/2022,107.24,206.67
19/4/2022,108.35,210.95
20/4/2022,105.37,207.6
21/4/2022,105.37,207.6
22/4/2022,104.75,204.18
26/4/2022,103,200.72
27/4/2022,103.23,203.27
28/4/2022,103.88,206.98
29/4/2022,102.97,203.18
2/5/2022,102.26,203.43
3/5/2022,102.98,204.73
4/5/2022,103.71,202.66
5/5/2022,102.4,186.9
6/5/2022,102.66,182
9/5/2022,101.7,180.02
10/5/2022,101.51,182.12
11/5/2022,102.15,175.21
12/5/2022,102.28,183.11
13/5/2022,103.33,179.66
16/5/2022,105.12,180.49
17/5/2022,104.8,181.5
18/5/2022,103.8,177.64
19/5/2022,104.6,181.37
20/5/2022,104.5,179.88
23/5/2022,105.09,178.81
24/5/2022,106.17,178.27
25/5/2022,105.43,177.81
26/5/2022,106.63,183
27/5/2022,106.56,188.12
30/5/2022,104.36,185.98
31/5/2022,106.71,188.38
1/6/2022,105.44,183.29
2/6/2022,105.2,184.04
3/6/2022,104.68,182.9
6/6/2022,101.96,177.49
7/6/2022,97.47,179.24
8/6/2022,94.95,178.68
9/6/2022,93.78,172.36
10/6/2022,93.78,172.36
14/6/2022,91.2,163.35
15/6/2022,90.62,164.1
16/6/2022,90.47,164.67
17/6/2022,87.26,159.7
20/6/2022,87.55,161.5
21/6/2022,89.67,164
22/6/2022,89.57,162.34
23/6/2022,89.75,163.6
24/6/2022,90.16,165.33
27/6/2022,93.74,166.26
28/6/2022,93.54,167.23
29/6/2022,93,168.08
30/6/2022,90.38,164.51
1/7/2022,90.7,164.24
4/7/2022,91.45,167.15
5/7/2022,91.23,168.68
6/7/2022,92,169.66
7/7/2022,93.08,170.65
8/7/2022,92.59,170.69
11/7/2022,92.55,167.85
12/7/2022,93.63,167.67
13/7/2022,94.63,171.4
14/7/2022,93.22,171
15/7/2022,93.27,167.99
18/7/2022,94.24,173.33
19/7/2022,94.95,167.63
20/7/2022,96.02,174.17
21/7/2022,97.62,174.9
22/7/2022,97.8,174.24
25/7/2022,97.07,174.2
26/7/2022,96.73,175.63
27/7/2022,98.9,173.73
28/7/2022,99.89,178.89
29/7/2022,100.77,181.13